<?xml version="1.0" encoding="UTF-8"?>
<faces-config
    xmlns="http://xmlns.jcp.org/xml/ns/javaee"
    xmlns:xsi="http://www.w3.org/2001/XMLSchema-instance"
    xsi:schemaLocation="http://xmlns.jcp.org/xml/ns/javaee 
    	http://xmlns.jcp.org/xml/ns/javaee/web-facesconfig_2_2.xsd"
    version="2.2">
    
    <application>
    	<resource-bundle>
			<base-name>messages</base-name>
			<var>msg</var>
		</resource-bundle> 
		  		
		<locale-config>
			<default-locale>pt_BR</default-locale>
			<supported-locale>en_US</supported-locale>		
		</locale-config>
	</application>    
    
    <!--  
    <lifecycle>
		<phase-listener>    		      
      		br.eti.amazu.infra.view.showcase.listener.PhaseTracker
		</phase-listener>
    </lifecycle>
    -->
    
</faces-config>
